States/UTs,State/UT-Wise Total Number of Persons Killed in Road Accidents during - 2018,State/UT-Wise Total Number of Persons Killed in Road Accidents during - 2019,State/UT-Wise Total Number of Persons Killed in Road Accidents during - 2020,State/UT-Wise Total Number of Persons Killed in Road Accidents during - 2021 - Numbers,State/UT-Wise Total Number of Persons Killed in Road Accidents during - 2021 - Rank,Share of States/UTs in Total Number of Persons Killed in Road Accidents - 2018,Share of States/UTs in Total Number of Persons Killed in Road Accidents - 2019,Share of States/UTs in Total Number of Persons Killed in Road Accidents - 2020,Share of States/UTs in Total Number of Persons Killed in Road Accidents - 2021,Total Number of Persons Killed in Road Accidents Per Lakh Population - 2018,Total Number of Persons Killed in Road Accidents Per Lakh Population - 2019,Total Number of Persons Killed in Road Accidents Per Lakh Population - 2020,Total Number of Persons Killed in Road Accidents Per Lakh Population - 2021,"Total Number of Persons Killed in Road Accidents per 10,000 Vehicles - 2018","Total Number of Persons Killed in Road Accidents per 10,000 Vehicles - 2019","Total Number of Persons Killed in Road Accidents per 10,000 Vehicles - 2020","Total Number of Persons Killed in Road Accidents per 10,000 Km of Roads - 2018","Total Number of Persons Killed in Road Accidents per 10,000 Km of Roads - 2019"
Andhra Pradesh,7556,7984,7039,8186,7,5.0,5.3,5.3,5.3,8.4,8.8,7.7,15.5,7.0,6.7,5.4,346.3,452.7
Arunachal Pradesh,175,127,73,157,26,0.1,0.1,0.1,0.1,13.0,9.4,5.3,10.2,8.3,5.5,3.2,34.6,23.0
Assam,2966,3208,2629,3036,18,2.0,2.1,2.0,2.0,8.9,9.6,7.8,8.7,8.6,8.1,6.0,86.3,80.4
Bihar,6729,7205,6699,7660,8,4.4,4.8,5.1,5.0,6.3,6.7,6.2,6.2,9.1,8.4,6.8,231.6,241.6
Chhattisgarh,4592,5003,4606,5371,12,3.0,3.3,3.5,3.5,17.3,18.7,17.0,18.2,7.9,7.8,6.6,447.7,476.1
Goa,262,297,223,226,23,0.2,0.2,0.2,0.1,12.7,14.0,10.3,14.5,2.0,2.1,1.5,140.8,158.8
Gujarat,7996,7390,6170,7452,10,5.3,4.9,4.7,4.8,12.5,11.4,9.4,10.7,3.4,2.9,2.3,396.3,296.3
Haryana,5118,5057,4507,4706,14,3.4,3.3,3.4,3.1,18.1,17.7,15.5,16.0,6.6,5.9,5.2,1023.2,1005.5
Himachal Pradesh,1208,1146,893,1052,20,0.8,0.8,0.7,0.7,16.8,15.8,12.2,14.2,8.1,7.0,5.2,195.2,156.5
Jharkhand,3542,3801,3044,3513,16,2.3,2.5,2.3,2.3,10.3,10.9,8.6,9.1,8.8,8.3,6.0,448.0,467.8
Karnataka,10990,10958,9760,10038,6,7.3,7.3,7.4,6.5,17.3,17.1,15.2,15.0,5.7,5.2,3.7,310.0,305.8
Kerala,4303,4440,2979,3429,17,2.8,2.9,2.3,2.2,11.9,12.3,8.2,9.7,3.5,3.3,2.1,167.4,170.8
Madhya Pradesh,10706,11249,11141,12057,4,7.1,7.4,8.5,7.8,13.4,13.9,13.6,14.3,8.1,8.5,6.2,294.1,308.2
Maharashtra,13261,12788,11569,13528,3,8.8,8.5,8.8,8.8,10.8,10.3,9.2,10.9,4.0,3.6,3.1,211.7,200.8
Manipur,134,156,127,110,28,0.1,0.1,0.1,0.1,5.1,5.8,4.7,3.5,4.4,4.3,3.5,45.9,48.2
Meghalaya,182,179,144,187,25,0.1,0.1,0.1,0.1,6.4,6.3,5.0,5.7,5.5,4.9,3.9,41.5,44.5
Mizoram,45,48,42,56,31,0.0,0.0,0.0,0.0,4.1,4.4,3.8,4.6,2.2,2.1,1.6,33.6,29.5
Nagaland,39,26,53,55,34,0.0,0.0,0.0,0.0,1.6,1.1,2.1,2.5,0.9,0.5,1.0,10.6,6.9
Odisha,5315,5333,4738,5081,13,3.5,3.5,3.6,3.3,12.3,12.3,10.8,11.5,7.2,6.4,5.2,172.6,174.5
Punjab,4740,4525,3898,4589,15,3.1,3.0,3.0,3.0,16.0,15.1,12.9,15.1,4.9,4.3,3.4,332.3,306.0
Rajasthan,10320,10563,9250,10043,5,6.8,7.0,7.0,6.5,13.8,13.9,12.1,12.7,6.3,6.0,4.8,329.3,337.0
Sikkim,85,73,47,56,31,0.1,0.0,0.0,0.0,12.9,10.9,7.0,8.3,13.9,10.2,8.7,62.9,59.9
Tamil Nadu,12216,10525,8059,15384,2,8.1,7.0,6.1,10.0,17.4,15.0,11.4,20.1,4.4,3.5,2.5,452.4,388.2
Telangana,6603,6964,6882,7557,9,4.4,4.6,5.2,4.9,NA,NA,NA,NA,6.0,5.7,5.3,515.6,495.5
Tripura,213,239,192,194,24,0.1,0.2,0.1,0.1,5.5,6.1,4.8,4.8,4.9,4.8,3.5,49.3,53.0
Uttarakhand,1047,867,674,820,21,0.7,0.6,0.5,0.5,9.6,7.9,6.1,7.2,4.2,3.1,2.3,198.1,126.2
Uttar Pradesh,22256,22655,19149,21227,1,14.7,15.0,14.5,13.8,9.9,9.9,8.3,9.2,7.6,6.9,5.5,510.1,511.5
West Bengal,5711,5500,4927,5800,11,3.8,3.6,3.7,3.8,6.0,5.7,5.1,5.9,6.7,5.6,4.5,173.5,193.8
Andaman and Nicobar Islands,19,20,14,20,35,0.0,0.0,0.0,0.0,3.3,3.4,2.3,5.0,1.4,1.4,0.9,105.9,110.6
Chandigarh,98,104,53,96,29,0.1,0.1,0.0,0.1,5.0,5.1,2.5,7.9,1.0,1.0,0.5,385.9,404.3
Dadra and Nagar Haveli,54,49,64,76,30,0.0,0.0,0.0,0.0,11.9,10.5,13.2,12.5,4.6,4.0,2.4,454.9,432.5
Daman and Diu,35,28,NA,NA,NA,0.0,0.0,0.0,0.0,9.7,7.5,0.0,0.0,NA,NA,NA,955.6,1022.3
Delhi,1690,1463,1196,1239,19,1.1,1.0,0.9,0.8,13.3,11.4,9.3,9.2,1.6,1.3,1.0,960.4,904.7
Jammu and Kashmir,984,996,728,774,22,0.6,0.7,0.6,0.5,4.4,4.3,3.1,3.8,5.9,5.4,3.7,90.5,83.0
Ladakh,NA,NA,NA,56,31,NA,NA,NA,0.0,NA,NA,NA,18.9,NA,NA,NA,NA,NA
Lakshadweep,1,0,0,1,36,0.0,0.0,0.0,0.0,1.2,0.0,0.0,1.5,0.6,0.0,0.0,44.6,0.0
Puducherry,226,147,145,140,27,0.1,0.1,0.1,0.1,12.6,7.9,7.5,8.9,2.3,1.4,1.3,526.5,342.3
Total,151417,151113,131714,153972,NA,100.0,100.0,100.0,100.0,11.8,11.9,10.0,11.6,5.5,5.1,4.0,284.8,278.2
