State,Accidents,Deaths,Injuries,Fatality_Rate,Injury_Rate,Accident_Density,Accident_Change_Percent,State_Average_Accidents,Risk_Score,Cluster,Hotspot_Level
Tamil Nadu,44402.142857142855,7661.535714285715,39998.28571428572,28.11816824203828,95.87927195870398,44402.142857142855,0.5319925047190873,59919.0,7.660825199645076,1,High
Madhya Pradesh,37408.71428571428,7514.25,32942.71428571428,30.056312067422546,95.21315663964099,37408.71428571428,1.6372119917718828,50128.2,6.454229517894114,1,High
Uttar Pradesh,30011.14285714286,13247.67857142857,18815.0,47.96638589743559,85.61936776723834,30011.14285714286,0.7813913708170416,39771.6,5.177905944986691,1,High
Karnataka,28881.714285714286,7027.535714285715,29507.14285714286,32.70194463499281,100.53003491026656,28881.714285714286,0.2685860987177366,38190.4,4.983042492359262,1,High
Kerala,28227.85714285714,3228.25,29671.714285714286,22.939531647277487,98.2454389839818,28227.85714285714,3.6625680169055608,37275.0,4.870230700976043,1,High
Maharashtra,23956.14285714286,8370.392857142857,17587.571428571428,40.896257742326675,89.26307790020071,23956.14285714286,0.502668698910932,31294.6,4.133219954648526,1,High
Rajasthan,17160.285714285714,6803.25,14301.285714285714,43.837595585643115,93.10198616112754,17160.285714285714,2.2733252212066,21780.4,2.960711820960268,1,High
Andhra Pradesh,17143.0,5458.821428571428,13598.142857142857,37.04508653882221,94.71611583379755,17143.0,-1.1670627695190514,21756.2,2.957729468599034,1,High
Telangana,16732.285714285714,5064.678571428572,13928.57142857143,35.917368217573106,93.25555846748503,16732.285714285714,0.38791594465000323,21181.2,2.8868677905944984,1,High
Gujarat,13052.857142857143,5207.821428571428,10229.42857142857,42.73735612064164,92.98917628530685,13052.857142857143,-1.3310654960281751,16030.0,2.252045745834566,0,Medium
Chhattisgarh,10899.0,3859.8214285714284,8441.285714285714,38.588312339367505,91.3395691587914,10899.0,0.2551183263550403,13014.6,1.8804347826086958,0,Medium
West Bengal,10438.42857142857,4197.821428571428,8704.857142857143,42.91838484864714,92.34216918952761,10438.42857142857,2.0265265671647597,12369.8,1.8009711130829145,0,Medium
Odisha,9429.857142857143,3987.6785714285716,7675.285714285715,44.00056970027577,91.76769388157017,9429.857142857143,1.3196442292400086,10957.8,1.6269594794439517,0,Medium
Haryana,9027.857142857143,3833.535714285714,6486.285714285715,43.57134305677193,89.77454024612244,9027.857142857143,-0.27529187298512514,10395.0,1.5576013013901213,0,Medium
Bihar,8545.714285714286,5105.678571428572,5878.142857142857,59.70059577019149,87.65639500705304,8545.714285714286,2.6301028500444645,9720.0,1.4744158532978406,0,Medium
Assam,6978.142857142857,2755.1071428571427,5278.571428571428,39.041706638821985,89.00084994275035,6978.142857142857,-1.2065816380816672,7525.4,1.2039583949521837,0,Medium
Punjab,5886.857142857143,3599.8214285714284,3634.1428571428573,59.45532026142068,81.63682219920801,5886.857142857143,0.32892458127112956,5997.6,1.015675835551612,0,Medium
Jammu and Kashmir,5628.285714285715,1561.25,6305.285714285715,25.84336517280639,104.32630432598899,5628.285714285715,1.2748566730532627,5635.6,0.9710637878339742,0,Medium
Dadra and Nagar Haveli and Daman and Diu,5610.0,2482.25,203.25,39.3609625352046,92.99566409325527,5610.0,1.3992267057615804,5335.0,0.9679089026915114,0,Medium
Delhi,5413.571428571428,1862.107142857143,4667.428571428572,32.1396562897888,92.50407217023533,5413.571428571428,-0.3572443396073433,5335.0,0.934018534950212,0,Medium
Jharkhand,5162.714285714285,3049.535714285714,3761.285714285714,57.14453263476692,86.51958266437657,5162.714285714285,0.30552099720949777,4983.8,0.8907374544020507,0,Medium
Ladakh,4155.071428571428,2113.6071428571427,1965.0,38.65344351976107,94.29058033308421,4155.071428571428,-7.951344233973525,3573.1,0.7168860297742284,0,Medium
Goa,3800.5714285714284,1207.8214285714287,2379.5714285714284,21.586084111090162,75.8287799173236,3800.5714285714284,-1.195735789449912,3076.8,0.655723158828749,0,Medium
Himachal Pradesh,3491.8571428571427,1677.9642857142858,3793.0,40.06546079568635,109.30075354805477,3491.8571428571427,-1.441825197727678,2644.6,0.602459824509514,0,Medium
Daman and Diu,3344.1,1462.35,4168.0,43.489984026453975,92.99566409325527,3344.1,1440.862769209146,3344.1,0.5769668737060042,2,Low
Uttarakhand,2594.285714285714,1550.6785714285713,2606.1428571428573,53.80572268995115,91.28365706724078,2594.285714285714,3.9150143051418698,1388.0,0.44759932958690724,0,Medium
Puducherry,2486.8571428571427,1157.8214285714287,2574.714285714286,24.4435272428474,96.89954845885761,2486.8571428571427,-2.5982103938086403,1237.6,0.42906437937493835,0,Medium
Tripura,1992.4285714285713,1183.5357142857142,2117.5714285714284,39.2658791893153,96.18021702274363,1992.4285714285713,2.4047988284769835,545.4,0.3437592428275658,0,Medium
Manipur,1971.2857142857142,1139.107142857143,2131.5714285714284,31.86373418881656,109.07285859322951,1971.2857142857142,0.5452963942371714,515.8,0.3401114068815932,0,Medium
Nagaland,1963.2857142857142,1088.5357142857142,1944.2857142857142,21.76969700505321,82.20369438883895,1963.2857142857142,5.981128056467819,504.6,0.33873114463176573,0,Medium
Meghalaya,1829.4285714285713,1162.6785714285713,1937.7142857142858,49.207157484618165,99.76307420062689,1829.4285714285713,-2.2439757210719917,317.2,0.3156363994873312,0,Medium
Chandigarh,1777.857142857143,1113.9642857142858,1883.2857142857142,37.525869425197016,90.47494808534323,1777.857142857143,-0.3417524635369628,245.0,0.30673863748397906,0,Medium
Arunachal Pradesh,1768.2857142857142,1139.8214285714287,1928.2857142857142,49.257274935026715,95.64735534955216,1768.2857142857142,5.386196468213698,231.6,0.3050872522922212,0,Medium
Andaman and Nicobar Islands,1728.7142857142858,1074.25,1861.4285714285713,23.082748157452464,92.25429246606468,1728.7142857142858,-5.682544516306989,176.2,0.2982598836636104,0,Medium
Sikkim,1723.7142857142858,1101.107142857143,1961.142857142857,40.07912021363643,112.8814553076182,1723.7142857142858,3.975819734320658,169.2,0.29739721975746825,0,Medium
Mizoram,1655.7142857142858,1091.107142857143,1845.857142857143,62.97322944720071,91.37604954807856,1655.7142857142858,18.514997942026735,74.0,0.2856649906339347,0,Medium
Lakshadweep,1604.5714285714287,1064.107142857143,1787.5714285714287,25.20231727699245,97.37785530470615,1604.5714285714287,30.361573350088293,2.4,0.27684117125110913,0,Medium
Dadra and Nagar Haveli,116.8,545.05,4168.0,59.441100070066135,92.99566409325527,116.8,22.69161004703467,116.8,0.02015182884748096,0,Medium
