Year,Previous_Year_Accidents,Previous_Year_Deaths,Actual_Risk,Predicted_Risk
2021,141.0,14.0,Low,Low
2021,19509.0,7039.0,High,High
2021,134.0,73.0,Low,Low
2021,6595.0,2629.0,Medium,Medium
2021,8639.0,6699.0,High,Medium
2021,159.0,53.0,Low,Low
2021,11656.0,4606.0,High,High
2021,100.0,64.0,Low,Low
2021,5031.5,2629.0,Medium,Medium
2021,4178.0,1196.0,Medium,Low
2021,2375.0,223.0,Low,Low
2021,13398.0,6170.0,High,High
2021,9431.0,4507.0,High,High
2021,2239.0,893.0,Low,Low
2021,4860.0,728.0,Medium,Medium
2021,4405.0,3044.0,Medium,Low
2021,34178.0,9760.0,High,High
2021,27877.0,2979.0,High,High
2021,5031.5,2629.0,Low,Medium
2021,1.0,0.0,Low,Low
2021,45266.0,11141.0,High,High
2021,24971.0,11569.0,High,High
2021,432.0,127.0,Low,Low
2021,214.0,144.0,Low,Low
2021,53.0,42.0,Low,Low
2021,500.0,53.0,Low,Low
2021,9817.0,4738.0,High,High
2021,969.0,145.0,Low,Low
2021,5203.0,3898.0,Medium,Medium
2021,19114.0,9250.0,High,High
2021,138.0,47.0,Low,Low
2021,49844.0,8059.0,High,High
2021,19172.0,6882.0,High,High
2021,466.0,192.0,Low,Low
2021,34243.0,19149.0,High,High
2021,1041.0,674.0,Low,Low
2021,10863.0,4927.0,High,High
