State,Year,Previous_Year_Accidents,Previous_Year_Deaths,Previous_Year_Injuries,Historical_Accident_Change,Future_Year_Accidents,Historical_Median_Accidents,Future_Risk_Score,Future_Risk_Level
Andaman and Nicobar Islands,2019,254.0,19.0,,,141.0,6163.0,0.022878468278435826,Low
Andaman and Nicobar Islands,2020,230.0,20.0,,-9.4488188976378,115.0,5796.0,0.01984126984126984,Low
Andaman and Nicobar Islands,2021,141.0,14.0,,-38.69565217391304,141.0,5703.0,0.02472382956338769,Low
Andhra Pradesh,2019,24475.0,7556.0,,,19509.0,6163.0,3.1655038130780464,High
Andhra Pradesh,2020,21992.0,7984.0,,-10.145045965270683,21556.0,5796.0,3.7191166321601106,High
Andhra Pradesh,2021,19509.0,7039.0,,-11.290469261549651,21249.0,5703.0,3.725933719095213,High
Arunachal Pradesh,2019,277.0,175.0,,,134.0,6163.0,0.021742657796527665,Low
Arunachal Pradesh,2020,237.0,127.0,,-14.440433212996396,283.0,5796.0,0.048826777087646656,Low
Arunachal Pradesh,2021,134.0,73.0,,-43.459915611814345,227.0,5703.0,0.03980361213396458,Low
Assam,2019,8248.0,2966.0,,,6595.0,6163.0,1.070095732597761,Medium
Assam,2020,8350.0,3208.0,,1.2366634335596594,7411.0,5796.0,1.2786404416839199,Medium
Assam,2021,6595.0,2629.0,,-21.017964071856287,7023.0,5703.0,1.2314571278274593,Medium
Bihar,2019,9600.0,6729.0,,,8639.0,6163.0,1.401752393314944,Medium
Bihar,2020,10007.0,7205.0,,4.239583333333341,9553.0,5796.0,1.6482056590752243,High
Bihar,2021,8639.0,6699.0,,-13.670430698511037,10801.0,5703.0,1.8939154830790812,High
Chandigarh,2019,316.0,98.0,,,159.0,6163.0,0.025799123803342528,Low
Chandigarh,2020,305.0,104.0,,-3.4810126582278444,208.0,5796.0,0.035886818495514144,Low
Chandigarh,2021,159.0,53.0,,-47.868852459016395,237.0,5703.0,0.041557075223566546,Low
Chhattisgarh,2019,13864.0,4592.0,,,11656.0,6163.0,1.8912867110173617,High
Chhattisgarh,2020,13899.0,5003.0,,0.25245239469129377,12375.0,5796.0,2.1350931677018634,High
Chhattisgarh,2021,11656.0,4606.0,,-16.137851644003163,13279.0,5703.0,2.328423636682448,High
Dadra and Nagar Haveli,2019,80.0,54.0,,,100.0,6163.0,0.01622586402725945,Low
Dadra and Nagar Haveli,2020,68.0,49.0,,-15.000000000000002,140.0,5796.0,0.024154589371980676,Low
Dadra and Nagar Haveli,2021,100.0,64.0,,47.058823529411775,196.0,5703.0,0.03436787655619849,Low
Daman and Diu,2019,76.0,35.0,,,5031.5,6163.0,0.8164043485315593,Medium
Daman and Diu,2020,69.0,28.0,,-9.210526315789469,5452.0,5796.0,0.9406487232574189,Medium
Daman and Diu,2021,5031.5,2629.0,,7192.028985507247,6092.0,5703.0,1.0682097141855165,Medium
Delhi,2019,6515.0,1690.0,,,4178.0,6163.0,0.6779165990588999,Low
Delhi,2020,5610.0,1463.0,,-13.89102072141213,4720.0,5796.0,0.8143547273982057,Medium
Delhi,2021,4178.0,1196.0,,-25.52584670231729,5652.0,5703.0,0.99105733824303,Medium
Goa,2019,3709.0,262.0,,,2375.0,6163.0,0.38536427064741197,Low
Goa,2020,3440.0,297.0,,-7.252628740900513,2849.0,5796.0,0.4915458937198068,Low
Goa,2021,2375.0,223.0,,-30.959302325581394,3011.0,5703.0,0.5279677362791513,Low
Gujarat,2019,18769.0,7996.0,,,13398.0,6163.0,2.1739412623722214,High
Gujarat,2020,17046.0,7390.0,,-9.180030902019286,15186.0,5796.0,2.62008281573499,High
Gujarat,2021,13398.0,6170.0,,-21.40091517071454,15751.0,5703.0,2.7618797124320533,High
Haryana,2019,11238.0,5118.0,,,9431.0,6163.0,1.5302612364108388,High
Haryana,2020,10944.0,5057.0,,-2.616123865456488,9933.0,5796.0,1.713768115942029,High
Haryana,2021,9431.0,4507.0,,-13.8249269005848,10429.0,5703.0,1.828686656145888,High
Himachal Pradesh,2019,3110.0,1208.0,,,2239.0,6163.0,0.3632970955703391,Low
Himachal Pradesh,2020,2873.0,1146.0,,-7.620578778135045,2404.0,5796.0,0.4147688060731539,Low
Himachal Pradesh,2021,2239.0,893.0,,-22.06752523494605,2597.0,5703.0,0.45537436436963,Low
Jammu and Kashmir,2019,5978.0,984.0,,,4860.0,6163.0,0.7885769917248093,Medium
Jammu and Kashmir,2020,5796.0,996.0,,-3.0444964871194413,5452.0,5796.0,0.9406487232574189,Medium
Jammu and Kashmir,2021,4860.0,728.0,,-16.149068322981364,6092.0,5703.0,1.0682097141855165,Medium
Jharkhand,2019,5394.0,3542.0,,,4405.0,6163.0,0.7147493104007788,Low
Jharkhand,2020,5217.0,3801.0,,-3.281423804226924,4728.0,5796.0,0.8157349896480331,Medium
Jharkhand,2021,4405.0,3044.0,,-15.564500670883652,5175.0,5703.0,0.9074171488690163,Medium
Karnataka,2019,41707.0,10990.0,,,34178.0,6163.0,5.545675807236735,High
Karnataka,2020,40658.0,10958.0,,-2.5151653199702695,34647.0,5796.0,5.977743271221532,High
Karnataka,2021,34178.0,9760.0,,-15.93782281469821,39762.0,5703.0,6.972119936875329,High
Kerala,2019,40181.0,4303.0,,,27877.0,6163.0,4.523284114879117,High
Kerala,2020,41111.0,4440.0,,2.31452676638213,33296.0,5796.0,5.744651483781919,High
Kerala,2021,27877.0,2979.0,,-32.19089781323733,43910.0,5703.0,7.699456426442223,High
Ladakh,2019,6428.0,2328.0,,,5031.5,6163.0,0.8164043485315593,Medium
Ladakh,2020,5796.0,2335.5,,-9.831985065339143,236.0,5796.0,0.04071773636991028,Low
Ladakh,2021,5031.5,2629.0,,-13.190131124913728,374.0,5703.0,0.06557951955111345,Low
Lakshadweep,2019,3.0,1.0,,,1.0,6163.0,0.00016225864027259452,Low
Lakshadweep,2020,1.0,0.0,,-66.66666666666667,4.0,5796.0,0.0006901311249137336,Low
Lakshadweep,2021,1.0,0.0,,0.0,3.0,5703.0,0.0005260389268805891,Low
Madhya Pradesh,2019,51397.0,10706.0,,,45266.0,6163.0,7.344799610579264,High
Madhya Pradesh,2020,50669.0,11249.0,,-1.416425083176065,48877.0,5796.0,8.43288474810214,High
Madhya Pradesh,2021,45266.0,11141.0,,-10.663324715309164,54432.0,5703.0,9.544450289321409,High
Maharashtra,2019,35717.0,13261.0,,,24971.0,6163.0,4.051760506246958,High
Maharashtra,2020,32925.0,12788.0,,-7.817005907551023,29477.0,5796.0,5.085748792270532,High
Maharashtra,2021,24971.0,11569.0,,-24.157934700075934,33383.0,5703.0,5.853585832018236,High
Manipur,2019,601.0,134.0,,,432.0,6163.0,0.07009573259776083,Low
Manipur,2020,672.0,156.0,,11.813643926788675,366.0,5796.0,0.06314699792960662,Low
Manipur,2021,432.0,127.0,,-35.71428571428571,508.0,5703.0,0.08907592495177977,Low
Meghalaya,2019,399.0,182.0,,,214.0,6163.0,0.03472334901833523,Low
Meghalaya,2020,482.0,179.0,,20.802005012531332,245.0,5796.0,0.042270531400966184,Low
Meghalaya,2021,214.0,144.0,,-55.601659751037346,246.0,5703.0,0.04313519200420831,Low
Mizoram,2019,53.0,45.0,,,53.0,6163.0,0.008599707934447509,Low
Mizoram,2020,62.0,48.0,,16.981132075471695,69.0,5796.0,0.011904761904761904,Low
Mizoram,2021,53.0,42.0,,-14.516129032258062,133.0,5703.0,0.02332105909170612,Low
Nagaland,2019,430.0,39.0,,,500.0,6163.0,0.08112932013629726,Low
Nagaland,2020,358.0,26.0,,-16.744186046511633,746.0,5796.0,0.12870945479641133,Low
Nagaland,2021,500.0,53.0,,39.66480446927374,489.0,5703.0,0.08574434508153603,Low
Odisha,2019,11262.0,5315.0,,,9817.0,6163.0,1.5928930715560603,High
Odisha,2020,11064.0,5333.0,,-1.7581246670218431,10983.0,5796.0,1.894927536231884,High
Odisha,2021,9817.0,4738.0,,-11.2707881417209,11663.0,5703.0,2.0450640014027703,High
Puducherry,2019,1597.0,226.0,,,969.0,6163.0,0.1572286224241441,Low
Puducherry,2020,1392.0,147.0,,-12.836568566061368,1049.0,5796.0,0.18098688750862663,Low
Puducherry,2021,969.0,145.0,,-30.38793103448276,1181.0,5703.0,0.20708399088199195,Low
Punjab,2019,6428.0,4740.0,,,5203.0,6163.0,0.8442317053383093,Medium
Punjab,2020,6348.0,4525.0,,-1.2445550715619147,5871.0,5796.0,1.0129399585921326,Medium
Punjab,2021,5203.0,3898.0,,-18.037177063642098,6138.0,5703.0,1.0762756443976855,Medium
Rajasthan,2019,21743.0,10320.0,,,19114.0,6163.0,3.1014116501703715,High
Rajasthan,2020,23480.0,10563.0,,7.98877799751645,20951.0,5796.0,3.614734299516908,High
Rajasthan,2021,19114.0,9250.0,,-18.59454855195911,23614.0,5703.0,4.140627739786077,High
Sikkim,2019,180.0,85.0,,,138.0,6163.0,0.022391692357618044,Low
Sikkim,2020,162.0,73.0,,-9.999999999999998,155.0,5796.0,0.026742581090407176,Low
Sikkim,2021,138.0,47.0,,-14.814814814814813,211.0,5703.0,0.03699807119060144,Low
Tamil Nadu,2019,67279.0,12216.0,,,49844.0,6163.0,8.087619665747201,High
Tamil Nadu,2020,62685.0,10525.0,,-6.8282822277382245,55682.0,5796.0,9.60697032436163,High
Tamil Nadu,2021,49844.0,8059.0,,-20.484964505065008,64105.0,5703.0,11.240575135893389,High
Telangana,2019,22230.0,6603.0,,,19172.0,6163.0,3.110822651306182,High
Telangana,2020,21570.0,6964.0,,-2.9689608636977005,21315.0,5796.0,3.677536231884058,High
Telangana,2021,19172.0,6882.0,,-11.117292535929534,21619.0,5703.0,3.7908118534104855,High
Total (All India),2019,470403.0,,,,372181.0,6163.0,60.3895829952945,High
Total (All India),2020,456959.0,,,-2.8579749703977253,412432.0,5796.0,71.15804002760524,High
Total (All India),2021,372181.0,,,-18.552649143577437,461312.0,5703.0,80.88935647904611,High
Tripura,2019,552.0,213.0,,,466.0,6163.0,0.07561252636702905,Low
Tripura,2020,655.0,239.0,,18.659420289855078,479.0,5796.0,0.0826432022084196,Low
Tripura,2021,466.0,192.0,,-28.854961832061065,575.0,5703.0,0.10082412765211292,Low
Uttar Pradesh,2019,42568.0,22256.0,,,34243.0,6163.0,5.556222618854454,High
Uttar Pradesh,2020,42572.0,22655.0,,0.009396729937982684,37729.0,5796.0,6.509489302967564,High
Uttar Pradesh,2021,34243.0,19149.0,,-19.56450248989946,41746.0,5703.0,7.320007013852359,High
Uttarakhand,2019,1468.0,1047.0,,,1041.0,6163.0,0.1689112445237709,Low
Uttarakhand,2020,1352.0,867.0,,-7.901907356948223,1405.0,5796.0,0.24240855762594893,Low
Uttarakhand,2021,1041.0,674.0,,-23.00295857988166,1674.0,5703.0,0.29352972119936876,Low
West Bengal,2019,12705.0,5711.0,,,10863.0,6163.0,1.7626156092811942,High
West Bengal,2020,12658.0,5500.0,,-0.36993309720582124,11937.0,5796.0,2.0595238095238093,High
West Bengal,2021,10863.0,4927.0,,-14.180755253594569,13686.0,5703.0,2.399789584429248,High
