State,State/UT-Wise Total Number of Persons Killed in Road Accidents during - 2018,State/UT-Wise Total Number of Persons Killed in Road Accidents during - 2019,State/UT-Wise Total Number of Persons Killed in Road Accidents during - 2020,State/UT-Wise Total Number of Persons Killed in Road Accidents during - 2021 - Numbers,State/UT-Wise Total Number of Persons Killed in Road Accidents during - 2021 - Rank,Share of States/UTs in Total Number of Persons Killed in Road Accidents - 2018,Share of States/UTs in Total Number of Persons Killed in Road Accidents - 2019,Share of States/UTs in Total Number of Persons Killed in Road Accidents - 2020,Share of States/UTs in Total Number of Persons Killed in Road Accidents - 2021,Total Number of Persons Killed in Road Accidents Per Lakh Population - 2018,Total Number of Persons Killed in Road Accidents Per Lakh Population - 2019,Total Number of Persons Killed in Road Accidents Per Lakh Population - 2020,Total Number of Persons Killed in Road Accidents Per Lakh Population - 2021,"Total Number of Persons Killed in Road Accidents per 10,000 Vehicles - 2018","Total Number of Persons Killed in Road Accidents per 10,000 Vehicles - 2019","Total Number of Persons Killed in Road Accidents per 10,000 Vehicles - 2020","Total Number of Persons Killed in Road Accidents per 10,000 Km of Roads - 2018","Total Number of Persons Killed in Road Accidents per 10,000 Km of Roads - 2019"
Andaman and Nicobar Islands,19.0,20.0,14.0,20.0,35.0,0.0,0.0,0.0,0.0,3.3,3.4,2.3,5.0,1.4,1.4,0.9,105.9,110.6
Andhra Pradesh,7556.0,7984.0,7039.0,8186.0,7.0,5.0,5.3,5.3,5.3,8.4,8.8,7.7,15.5,7.0,6.7,5.4,346.3,452.7
Arunachal Pradesh,175.0,127.0,73.0,157.0,26.0,0.1,0.1,0.1,0.1,13.0,9.4,5.3,10.2,8.3,5.5,3.2,34.6,23.0
Assam,2966.0,3208.0,2629.0,3036.0,18.0,2.0,2.1,2.0,2.0,8.9,9.6,7.8,8.7,8.6,8.1,6.0,86.3,80.4
Bihar,6729.0,7205.0,6699.0,7660.0,8.0,4.4,4.8,5.1,5.0,6.3,6.7,6.2,6.2,9.1,8.4,6.8,231.6,241.6
Chandigarh,98.0,104.0,53.0,96.0,29.0,0.1,0.1,0.0,0.1,5.0,5.1,2.5,7.9,1.0,1.0,0.5,385.9,404.3
Chhattisgarh,4592.0,5003.0,4606.0,5371.0,12.0,3.0,3.3,3.5,3.5,17.3,18.7,17.0,18.2,7.9,7.8,6.6,447.7,476.1
Dadra and Nagar Haveli,54.0,49.0,64.0,76.0,30.0,0.0,0.0,0.0,0.0,11.9,10.5,13.2,12.5,4.6,4.0,2.4,454.9,432.5
Daman and Diu,35.0,28.0,2629.0,2137.5,18.5,0.0,0.0,0.0,0.0,9.7,7.5,0.0,0.0,5.5,4.9,3.5,955.6,1022.3
Delhi,1690.0,1463.0,1196.0,1239.0,19.0,1.1,1.0,0.9,0.8,13.3,11.4,9.3,9.2,1.6,1.3,1.0,960.4,904.7
Goa,262.0,297.0,223.0,226.0,23.0,0.2,0.2,0.2,0.1,12.7,14.0,10.3,14.5,2.0,2.1,1.5,140.8,158.8
Gujarat,7996.0,7390.0,6170.0,7452.0,10.0,5.3,4.9,4.7,4.8,12.5,11.4,9.4,10.7,3.4,2.9,2.3,396.3,296.3
Haryana,5118.0,5057.0,4507.0,4706.0,14.0,3.4,3.3,3.4,3.1,18.1,17.7,15.5,16.0,6.6,5.9,5.2,1023.2,1005.5
Himachal Pradesh,1208.0,1146.0,893.0,1052.0,20.0,0.8,0.8,0.7,0.7,16.8,15.8,12.2,14.2,8.1,7.0,5.2,195.2,156.5
Jammu and Kashmir,984.0,996.0,728.0,774.0,22.0,0.6,0.7,0.6,0.5,4.4,4.3,3.1,3.8,5.9,5.4,3.7,90.5,83.0
Jharkhand,3542.0,3801.0,3044.0,3513.0,16.0,2.3,2.5,2.3,2.3,10.3,10.9,8.6,9.1,8.8,8.3,6.0,448.0,467.8
Karnataka,10990.0,10958.0,9760.0,10038.0,6.0,7.3,7.3,7.4,6.5,17.3,17.1,15.2,15.0,5.7,5.2,3.7,310.0,305.8
Kerala,4303.0,4440.0,2979.0,3429.0,17.0,2.8,2.9,2.3,2.2,11.9,12.3,8.2,9.7,3.5,3.3,2.1,167.4,170.8
Ladakh,2328.0,2335.5,2629.0,56.0,31.0,1.55,1.55,1.45,0.0,10.8,9.9,7.8,18.9,5.5,4.9,3.5,221.64999999999998,221.2
Lakshadweep,1.0,0.0,0.0,1.0,36.0,0.0,0.0,0.0,0.0,1.2,0.0,0.0,1.5,0.6,0.0,0.0,44.6,0.0
Madhya Pradesh,10706.0,11249.0,11141.0,12057.0,4.0,7.1,7.4,8.5,7.8,13.4,13.9,13.6,14.3,8.1,8.5,6.2,294.1,308.2
Maharashtra,13261.0,12788.0,11569.0,13528.0,3.0,8.8,8.5,8.8,8.8,10.8,10.3,9.2,10.9,4.0,3.6,3.1,211.7,200.8
Manipur,134.0,156.0,127.0,110.0,28.0,0.1,0.1,0.1,0.1,5.1,5.8,4.7,3.5,4.4,4.3,3.5,45.9,48.2
Meghalaya,182.0,179.0,144.0,187.0,25.0,0.1,0.1,0.1,0.1,6.4,6.3,5.0,5.7,5.5,4.9,3.9,41.5,44.5
Mizoram,45.0,48.0,42.0,56.0,31.0,0.0,0.0,0.0,0.0,4.1,4.4,3.8,4.6,2.2,2.1,1.6,33.6,29.5
Nagaland,39.0,26.0,53.0,55.0,34.0,0.0,0.0,0.0,0.0,1.6,1.1,2.1,2.5,0.9,0.5,1.0,10.6,6.9
Odisha,5315.0,5333.0,4738.0,5081.0,13.0,3.5,3.5,3.6,3.3,12.3,12.3,10.8,11.5,7.2,6.4,5.2,172.6,174.5
Puducherry,226.0,147.0,145.0,140.0,27.0,0.1,0.1,0.1,0.1,12.6,7.9,7.5,8.9,2.3,1.4,1.3,526.5,342.3
Punjab,4740.0,4525.0,3898.0,4589.0,15.0,3.1,3.0,3.0,3.0,16.0,15.1,12.9,15.1,4.9,4.3,3.4,332.3,306.0
Rajasthan,10320.0,10563.0,9250.0,10043.0,5.0,6.8,7.0,7.0,6.5,13.8,13.9,12.1,12.7,6.3,6.0,4.8,329.3,337.0
Sikkim,85.0,73.0,47.0,56.0,31.0,0.1,0.0,0.0,0.0,12.9,10.9,7.0,8.3,13.9,10.2,8.7,62.9,59.9
Tamil Nadu,12216.0,10525.0,8059.0,15384.0,2.0,8.1,7.0,6.1,10.0,17.4,15.0,11.4,20.1,4.4,3.5,2.5,452.4,388.2
Telangana,6603.0,6964.0,6882.0,7557.0,9.0,4.4,4.6,5.2,4.9,10.8,9.9,7.8,9.2,6.0,5.7,5.3,515.6,495.5
Tripura,213.0,239.0,192.0,194.0,24.0,0.1,0.2,0.1,0.1,5.5,6.1,4.8,4.8,4.9,4.8,3.5,49.3,53.0
Uttar Pradesh,22256.0,22655.0,19149.0,21227.0,1.0,14.7,15.0,14.5,13.8,9.9,9.9,8.3,9.2,7.6,6.9,5.5,510.1,511.5
Uttarakhand,1047.0,867.0,674.0,820.0,21.0,0.7,0.6,0.5,0.5,9.6,7.9,6.1,7.2,4.2,3.1,2.3,198.1,126.2
West Bengal,5711.0,5500.0,4927.0,5800.0,11.0,3.8,3.6,3.7,3.8,6.0,5.7,5.1,5.9,6.7,5.6,4.5,173.5,193.8
