State,Year,Accidents,Deaths,Injuries,Fatality_Rate,Injury_Rate,Accident_Impact,Risk_Level
Andaman and Nicobar Islands,2018,254.0,19.0,,0.0748031496062992,,19.0,Low
Andaman and Nicobar Islands,2019,230.0,20.0,,0.0869565217391304,,20.0,Low
Andaman and Nicobar Islands,2020,141.0,14.0,,0.0992907801418439,,14.0,Low
Andaman and Nicobar Islands,2021,115.0,20.0,97.0,0.1739130434782608,0.8434782608695652,117.0,Low
Andaman and Nicobar Islands,2022,141.0,,136.0,,0.9645390070921984,136.0,Low
Andaman and Nicobar Islands,2023,,,154.0,0.0,0.0,154.0,Unknown
Andaman and Nicobar Islands,2024,,,139.0,0.0,0.0,139.0,Unknown
Andhra Pradesh,2018,24475.0,7556.0,,0.3087231869254341,,7556.0,High
Andhra Pradesh,2019,21992.0,7984.0,,0.3630411058566751,,7984.0,High
Andhra Pradesh,2020,19509.0,7039.0,,0.3608078322825362,,7039.0,High
Andhra Pradesh,2021,21556.0,8186.0,21040.0,0.3797550565967712,0.9760623492299128,29226.0,High
Andhra Pradesh,2022,21249.0,,21340.0,,1.0042825544731515,21340.0,High
Andhra Pradesh,2023,,,20409.0,0.0,0.0,20409.0,Unknown
Andhra Pradesh,2024,,,19894.0,0.0,0.0,19894.0,Unknown
Arunachal Pradesh,2018,277.0,175.0,,0.631768953068592,,175.0,Low
Arunachal Pradesh,2019,237.0,127.0,,0.5358649789029536,,127.0,Low
Arunachal Pradesh,2020,134.0,73.0,,0.5447761194029851,,73.0,Low
Arunachal Pradesh,2021,283.0,157.0,347.0,0.5547703180212014,1.226148409893993,504.0,Low
Arunachal Pradesh,2022,227.0,,186.0,,0.8193832599118943,186.0,Low
Arunachal Pradesh,2023,,,257.0,0.0,0.0,257.0,Unknown
Arunachal Pradesh,2024,,,204.0,0.0,0.0,204.0,Unknown
Assam,2018,8248.0,2966.0,,0.3596023278370514,,2966.0,Medium
Assam,2019,8350.0,3208.0,,0.384191616766467,,3208.0,Medium
Assam,2020,6595.0,2629.0,,0.3986353297952995,,2629.0,Medium
Assam,2021,7411.0,3036.0,5763.0,0.4096613142625826,0.7776278504925112,8799.0,Medium
Assam,2022,7023.0,,5637.0,,0.8026484408372491,5637.0,Medium
Assam,2023,,,5917.0,0.0,0.0,5917.0,Unknown
Assam,2024,,,7129.0,0.0,0.0,7129.0,Unknown
Bihar,2018,9600.0,6729.0,,0.7009375,,6729.0,High
Bihar,2019,10007.0,7205.0,,0.7199960027980413,,7205.0,High
Bihar,2020,8639.0,6699.0,,0.7754369718717444,,6699.0,Medium
Bihar,2021,9553.0,7660.0,7946.0,0.8018423531874804,0.8317805924840365,15606.0,High
Bihar,2022,10801.0,,7068.0,,0.6543838533469123,7068.0,High
Bihar,2023,,,6539.0,0.0,0.0,6539.0,Unknown
Bihar,2024,,,7090.0,0.0,0.0,7090.0,Unknown
Chandigarh,2018,316.0,98.0,,0.310126582278481,,98.0,Low
Chandigarh,2019,305.0,104.0,,0.340983606557377,,104.0,Low
Chandigarh,2020,159.0,53.0,,0.3333333333333333,,53.0,Low
Chandigarh,2021,208.0,96.0,172.0,0.4615384615384615,0.8269230769230769,268.0,Low
Chandigarh,2022,237.0,,203.0,,0.8565400843881856,203.0,Low
Chandigarh,2023,,,171.0,0.0,0.0,171.0,Unknown
Chandigarh,2024,,,133.0,0.0,0.0,133.0,Unknown
Chhattisgarh,2018,13864.0,4592.0,,0.3312175418349682,,4592.0,High
Chhattisgarh,2019,13899.0,5003.0,,0.3599539535218361,,5003.0,High
Chhattisgarh,2020,11656.0,4606.0,,0.3951612903225806,,4606.0,High
Chhattisgarh,2021,12375.0,5371.0,10683.0,0.434020202020202,0.8632727272727273,16054.0,High
Chhattisgarh,2022,13279.0,,11695.0,,0.8807139091799081,11695.0,High
Chhattisgarh,2023,,,11723.0,0.0,0.0,11723.0,Unknown
Chhattisgarh,2024,,,12484.0,0.0,0.0,12484.0,Unknown
Dadra and Nagar Haveli,2018,80.0,54.0,,0.675,,54.0,Low
Dadra and Nagar Haveli,2019,68.0,49.0,,0.7205882352941176,,49.0,Low
Dadra and Nagar Haveli,2020,100.0,64.0,,0.64,,64.0,Low
Dadra and Nagar Haveli,2021,140.0,76.0,,0.5428571428571428,,76.0,Low
Dadra and Nagar Haveli,2022,196.0,,,,,0.0,Low
Dadra and Nagar Haveli and Daman and Diu,2021,,,171.0,0.0,0.0,171.0,Unknown
Dadra and Nagar Haveli and Daman and Diu,2022,,,273.0,0.0,0.0,273.0,Unknown
Dadra and Nagar Haveli and Daman and Diu,2023,,,233.0,0.0,0.0,233.0,Unknown
Dadra and Nagar Haveli and Daman and Diu,2024,,,136.0,0.0,0.0,136.0,Unknown
Daman and Diu,2018,76.0,35.0,,0.4605263157894737,,35.0,Low
Daman and Diu,2019,69.0,28.0,,0.4057971014492754,,28.0,Low
Daman and Diu,2020,5031.5,2629.0,,0.5225081983503925,,2629.0,Medium
Daman and Diu,2021,5452.0,2137.5,,0.3920579603815113,,2137.5,Medium
Daman and Diu,2022,6092.0,,,,,0.0,Medium
Delhi,2018,6515.0,1690.0,,0.259401381427475,,1690.0,Medium
Delhi,2019,5610.0,1463.0,,0.2607843137254902,,1463.0,Medium
Delhi,2020,4178.0,1196.0,,0.286261369076113,,1196.0,Low
Delhi,2021,4720.0,1239.0,4273.0,0.2625,0.9052966101694916,5512.0,Medium
Delhi,2022,5652.0,,5201.0,,0.920205237084218,5201.0,Medium
Delhi,2023,,,5470.0,0.0,0.0,5470.0,Unknown
Delhi,2024,,,5224.0,0.0,0.0,5224.0,Unknown
Goa,2018,3709.0,262.0,,0.0706389862496629,,262.0,Low
Goa,2019,3440.0,297.0,,0.0863372093023255,,297.0,Low
Goa,2020,2375.0,223.0,,0.0938947368421052,,223.0,Low
Goa,2021,2849.0,226.0,843.0,0.0793260793260793,0.2958932958932959,1069.0,Low
Goa,2022,3011.0,,1091.0,,0.3623380936565925,1091.0,Low
Goa,2023,,,1178.0,0.0,0.0,1178.0,Unknown
Goa,2024,,,1041.0,0.0,0.0,1041.0,Unknown
Gujarat,2018,18769.0,7996.0,,0.4260216314135009,,7996.0,High
Gujarat,2019,17046.0,7390.0,,0.4335327936172709,,7390.0,High
Gujarat,2020,13398.0,6170.0,,0.4605164949992536,,6170.0,High
Gujarat,2021,15186.0,7452.0,13690.0,0.4907151323587514,0.9014882128276044,21142.0,High
Gujarat,2022,15751.0,,15089.0,,0.9579709224811124,15089.0,High
Gujarat,2023,,,15383.0,0.0,0.0,15383.0,Unknown
Gujarat,2024,,,14940.0,0.0,0.0,14940.0,Unknown
Haryana,2018,11238.0,5118.0,,0.4554191137213027,,5118.0,High
Haryana,2019,10944.0,5057.0,,0.4620796783625731,,5057.0,High
Haryana,2020,9431.0,4507.0,,0.4778920581062453,,4507.0,High
Haryana,2021,9933.0,4706.0,8121.0,0.4737742877277761,0.8175777710661432,12827.0,High
Haryana,2022,10429.0,,8519.0,,0.8168568414996644,8519.0,High
Haryana,2023,,,8346.0,0.0,0.0,8346.0,Unknown
Haryana,2024,,,7914.0,0.0,0.0,7914.0,Unknown
Himachal Pradesh,2018,3110.0,1208.0,,0.3884244372990353,,1208.0,Low
Himachal Pradesh,2019,2873.0,1146.0,,0.3988861816916115,,1146.0,Low
Himachal Pradesh,2020,2239.0,893.0,,0.3988387673068334,,893.0,Low
Himachal Pradesh,2021,2404.0,1052.0,3454.0,0.4376039933444259,1.4367720465890184,4506.0,Low
Himachal Pradesh,2022,2597.0,,4063.0,,1.5644974971120524,4063.0,Low
Himachal Pradesh,2023,,,3304.0,0.0,0.0,3304.0,Unknown
Himachal Pradesh,2024,,,3226.0,0.0,0.0,3226.0,Unknown
Jammu and Kashmir,2018,5978.0,984.0,,0.1646035463365674,,984.0,Medium
Jammu and Kashmir,2019,5796.0,996.0,,0.1718426501035196,,996.0,Medium
Jammu and Kashmir,2020,4860.0,728.0,,0.1497942386831275,,728.0,Medium
Jammu and Kashmir,2021,5452.0,774.0,6972.0,0.1419662509170946,1.2787967718268525,7746.0,Medium
Jammu and Kashmir,2022,6092.0,,8372.0,,1.3742613263296126,8372.0,Medium
Jammu and Kashmir,2023,,,8469.0,0.0,0.0,8469.0,Unknown
Jammu and Kashmir,2024,,,7820.0,0.0,0.0,7820.0,Unknown
Jharkhand,2018,5394.0,3542.0,,0.6566555431961438,,3542.0,Medium
Jharkhand,2019,5217.0,3801.0,,0.7285796434732605,,3801.0,Medium
Jharkhand,2020,4405.0,3044.0,,0.6910329171396141,,3044.0,Medium
Jharkhand,2021,4728.0,3513.0,3227.0,0.743020304568528,0.6825296108291032,6740.0,Medium
Jharkhand,2022,5175.0,,3747.0,,0.7240579710144928,3747.0,Medium
Jharkhand,2023,,,3585.0,0.0,0.0,3585.0,Unknown
Jharkhand,2024,,,3266.0,0.0,0.0,3266.0,Unknown
Karnataka,2018,41707.0,10990.0,,0.2635049272304409,,10990.0,High
Karnataka,2019,40658.0,10958.0,,0.2695164543263318,,10958.0,High
Karnataka,2020,34178.0,9760.0,,0.2855638129791094,,9760.0,High
Karnataka,2021,34647.0,10038.0,40754.0,0.2897220538574768,1.1762634571535775,50792.0,High
Karnataka,2022,39762.0,,48154.0,,1.2110557819023189,48154.0,High
Karnataka,2023,,,52547.0,0.0,0.0,52547.0,Unknown
Karnataka,2024,,,52591.0,0.0,0.0,52591.0,Unknown
Kerala,2018,40181.0,4303.0,,0.1070904158681964,,4303.0,High
Kerala,2019,41111.0,4440.0,,0.1080002918926807,,4440.0,High
Kerala,2020,27877.0,2979.0,,0.106862287907594,,2979.0,High
Kerala,2021,33296.0,3429.0,36775.0,0.102985343584815,1.1044870254685248,40204.0,High
Kerala,2022,43910.0,,49307.0,,1.122910498747438,49307.0,High
Kerala,2023,,,54320.0,0.0,0.0,54320.0,Unknown
Kerala,2024,,,54796.0,0.0,0.0,54796.0,Unknown
Ladakh,2018,6428.0,2328.0,,0.3621655258245177,,2328.0,Medium
Ladakh,2019,5796.0,2335.5,,0.4029503105590062,,2335.5,Medium
Ladakh,2020,5031.5,2629.0,,0.5225081983503925,,2629.0,Medium
Ladakh,2021,236.0,56.0,242.0,0.2372881355932203,1.0254237288135593,298.0,Low
Ladakh,2022,374.0,,346.0,,0.9251336898395722,346.0,Low
Ladakh,2023,,,340.0,0.0,0.0,340.0,Unknown
Ladakh,2024,,,323.0,0.0,0.0,323.0,Unknown
Lakshadweep,2018,3.0,1.0,,0.3333333333333333,,1.0,Low
Lakshadweep,2019,1.0,0.0,,0.0,,0.0,Low
Lakshadweep,2020,1.0,0.0,,0.0,,0.0,Low
Lakshadweep,2021,4.0,1.0,6.0,0.25,1.5,7.0,Low
Lakshadweep,2022,3.0,,2.0,,0.6666666666666666,2.0,Low
Lakshadweep,2023,,,1.0,0.0,0.0,1.0,Unknown
Lakshadweep,2024,,,0.0,0.0,0.0,0.0,Unknown
Madhya Pradesh,2018,51397.0,10706.0,,0.2083000953363036,,10706.0,High
Madhya Pradesh,2019,50669.0,11249.0,,0.2220095127198089,,11249.0,High
Madhya Pradesh,2020,45266.0,11141.0,,0.2461229178632969,,11141.0,High
Madhya Pradesh,2021,48877.0,12057.0,48956.0,0.2466804427440309,1.0016163021462037,61013.0,High
Madhya Pradesh,2022,54432.0,,55168.0,,1.0135214579659024,55168.0,High
Madhya Pradesh,2023,,,55769.0,0.0,0.0,55769.0,Unknown
Madhya Pradesh,2024,,,58202.0,0.0,0.0,58202.0,Unknown
Maharashtra,2018,35717.0,13261.0,,0.371279782736512,,13261.0,High
Maharashtra,2019,32925.0,12788.0,,0.3883978739559605,,12788.0,High
Maharashtra,2020,24971.0,11569.0,,0.4632974250130151,,11569.0,High
Maharashtra,2021,29477.0,13528.0,23071.0,0.4589340842012416,0.7826780201513044,36599.0,High
Maharashtra,2022,33383.0,,27239.0,,0.815954228199982,27239.0,High
Maharashtra,2023,,,29764.0,0.0,0.0,29764.0,Unknown
Maharashtra,2024,,,30535.0,0.0,0.0,30535.0,Unknown
Manipur,2018,601.0,134.0,,0.2229617304492512,,134.0,Low
Manipur,2019,672.0,156.0,,0.2321428571428571,,156.0,Low
Manipur,2020,432.0,127.0,,0.2939814814814814,,127.0,Low
Manipur,2021,366.0,110.0,504.0,0.3005464480874317,1.3770491803278688,614.0,Low
Manipur,2022,508.0,,817.0,,1.608267716535433,817.0,Low
Manipur,2023,,,634.0,0.0,0.0,634.0,Unknown
Manipur,2024,,,462.0,0.0,0.0,462.0,Unknown
Meghalaya,2018,399.0,182.0,,0.4561403508771929,,182.0,Low
Meghalaya,2019,482.0,179.0,,0.3713692946058091,,179.0,Low
Meghalaya,2020,214.0,144.0,,0.6728971962616822,,144.0,Low
Meghalaya,2021,245.0,187.0,263.0,0.763265306122449,1.073469387755102,450.0,Low
Meghalaya,2022,246.0,,310.0,,1.2601626016260163,310.0,Low
Meghalaya,2023,,,259.0,0.0,0.0,259.0,Unknown
Meghalaya,2024,,,228.0,0.0,0.0,228.0,Unknown
Mizoram,2018,53.0,45.0,,0.8490566037735849,,45.0,Low
Mizoram,2019,62.0,48.0,,0.7741935483870968,,48.0,Low
Mizoram,2020,53.0,42.0,,0.7924528301886793,,42.0,Low
Mizoram,2021,69.0,56.0,65.0,0.8115942028985508,0.9420289855072465,121.0,Low
Mizoram,2022,133.0,,107.0,,0.8045112781954887,107.0,Low
Mizoram,2023,,,116.0,0.0,0.0,116.0,Unknown
Mizoram,2024,,,129.0,0.0,0.0,129.0,Unknown
Nagaland,2018,430.0,39.0,,0.0906976744186046,,39.0,Low
Nagaland,2019,358.0,26.0,,0.0726256983240223,,26.0,Low
Nagaland,2020,500.0,53.0,,0.106,,53.0,Low
Nagaland,2021,746.0,55.0,380.0,0.0737265415549597,0.5093833780160858,435.0,Low
Nagaland,2022,489.0,,291.0,,0.5950920245398773,291.0,Low
Nagaland,2023,,,257.0,0.0,0.0,257.0,Unknown
Nagaland,2024,,,178.0,0.0,0.0,178.0,Unknown
Odisha,2018,11262.0,5315.0,,0.4719410406677322,,5315.0,High
Odisha,2019,11064.0,5333.0,,0.4820137382501808,,5333.0,High
Odisha,2020,9817.0,4738.0,,0.4826321686869715,,4738.0,High
Odisha,2021,10983.0,5081.0,9782.0,0.462624055358281,0.8906491851042521,14863.0,High
Odisha,2022,11663.0,,10302.0,,0.8833061819428963,10302.0,High
Odisha,2023,,,10369.0,0.0,0.0,10369.0,Unknown
Odisha,2024,,,10770.0,0.0,0.0,10770.0,Unknown
Puducherry,2018,1597.0,226.0,,0.1415153412648716,,226.0,Low
Puducherry,2019,1392.0,147.0,,0.105603448275862,,147.0,Low
Puducherry,2020,969.0,145.0,,0.1496388028895768,,145.0,Low
Puducherry,2021,1049.0,140.0,1099.0,0.1334604385128694,1.0476644423260248,1239.0,Low
Puducherry,2022,1181.0,,1282.0,,1.0855207451312447,1282.0,Low
Puducherry,2023,,,1578.0,0.0,0.0,1578.0,Unknown
Puducherry,2024,,,1560.0,0.0,0.0,1560.0,Unknown
Punjab,2018,6428.0,4740.0,,0.7373988799004356,,4740.0,Medium
Punjab,2019,6348.0,4525.0,,0.712822936357908,,4525.0,Medium
Punjab,2020,5203.0,3898.0,,0.7491831635594849,,3898.0,Medium
Punjab,2021,5871.0,4589.0,3072.0,0.7816385624254811,0.5232498722534492,7661.0,Medium
Punjab,2022,6138.0,,3324.0,,0.541544477028348,3324.0,Medium
Punjab,2023,,,3206.0,0.0,0.0,3206.0,Unknown
Punjab,2024,,,3333.0,0.0,0.0,3333.0,Unknown
Rajasthan,2018,21743.0,10320.0,,0.4746355148783516,,10320.0,High
Rajasthan,2019,23480.0,10563.0,,0.4498722316865417,,10563.0,High
Rajasthan,2020,19114.0,9250.0,,0.4839384744166579,,9250.0,High
Rajasthan,2021,20951.0,10043.0,19344.0,0.479356593957329,0.923297217316596,29387.0,High
Rajasthan,2022,23614.0,,22293.0,,0.944058609299568,22293.0,High
Rajasthan,2023,,,23041.0,0.0,0.0,23041.0,Unknown
Rajasthan,2024,,,22927.0,0.0,0.0,22927.0,Unknown
Sikkim,2018,180.0,85.0,,0.4722222222222222,,85.0,Low
Sikkim,2019,162.0,73.0,,0.4506172839506173,,73.0,Low
Sikkim,2020,138.0,47.0,,0.3405797101449275,,47.0,Low
Sikkim,2021,155.0,56.0,244.0,0.3612903225806451,1.5741935483870968,300.0,Low
Sikkim,2022,211.0,,354.0,,1.6777251184834123,354.0,Low
Sikkim,2023,,,362.0,0.0,0.0,362.0,Unknown
Sikkim,2024,,,264.0,0.0,0.0,264.0,Unknown
Tamil Nadu,2018,67279.0,12216.0,,0.1815722588028954,,12216.0,High
Tamil Nadu,2019,62685.0,10525.0,,0.167903007098987,,10525.0,High
Tamil Nadu,2020,49844.0,8059.0,,0.1616844555011636,,8059.0,High
Tamil Nadu,2021,55682.0,15384.0,55996.0,0.2762831794834955,1.0056391652598686,71380.0,High
Tamil Nadu,2022,64105.0,,67703.0,,1.056126667186647,67703.0,High
Tamil Nadu,2023,,,72292.0,0.0,0.0,72292.0,Unknown
Tamil Nadu,2024,,,71493.0,0.0,0.0,71493.0,Unknown
Telangana,2018,22230.0,6603.0,,0.2970310391363023,,6603.0,High
Telangana,2019,21570.0,6964.0,,0.3228558182661103,,6964.0,High
Telangana,2020,19172.0,6882.0,,0.3589609847694555,,6882.0,High
Telangana,2021,21315.0,7557.0,20107.0,0.3545390570021112,0.9433262960356557,27664.0,High
Telangana,2022,21619.0,,20209.0,,0.9347795920255332,20209.0,High
Telangana,2023,,,21022.0,0.0,0.0,21022.0,Unknown
Telangana,2024,,,23658.0,0.0,0.0,23658.0,Unknown
Total (All India),2018,470403.0,,,,,0.0,High
Total (All India),2019,456959.0,,,,,0.0,High
Total (All India),2020,372181.0,,,,,0.0,High
Total (All India),2021,412432.0,,,,,0.0,High
Total (All India),2022,461312.0,,,,,0.0,High
Tripura,2018,552.0,213.0,,0.3858695652173913,,213.0,Low
Tripura,2019,655.0,239.0,,0.3648854961832061,,239.0,Low
Tripura,2020,466.0,192.0,,0.4120171673819742,,192.0,Low
Tripura,2021,479.0,194.0,547.0,0.4050104384133611,1.1419624217118998,741.0,Low
Tripura,2022,575.0,,541.0,,0.9408695652173912,541.0,Low
Tripura,2023,,,609.0,0.0,0.0,609.0,Unknown
Tripura,2024,,,622.0,0.0,0.0,622.0,Unknown
Uttar Pradesh,2018,42568.0,22256.0,,0.5228340537492953,,22256.0,High
Uttar Pradesh,2019,42572.0,22655.0,,0.5321572864793761,,22655.0,High
Uttar Pradesh,2020,34243.0,19149.0,,0.5592091814385421,,19149.0,High
Uttar Pradesh,2021,37729.0,21227.0,24897.0,0.5626176150971401,0.6598902700840202,46124.0,High
Uttar Pradesh,2022,41746.0,,28541.0,,0.6836822689599004,28541.0,High
Uttar Pradesh,2023,,,31098.0,0.0,0.0,31098.0,Unknown
Uttar Pradesh,2024,,,34665.0,0.0,0.0,34665.0,Unknown
Uttarakhand,2018,1468.0,1047.0,,0.7132152588555858,,1047.0,Low
Uttarakhand,2019,1352.0,867.0,,0.6412721893491125,,867.0,Low
Uttarakhand,2020,1041.0,674.0,,0.6474543707973103,,674.0,Low
Uttarakhand,2021,1405.0,820.0,1091.0,0.5836298932384342,0.7765124555160142,1911.0,Low
Uttarakhand,2022,1674.0,,1613.0,,0.9635603345280764,1613.0,Low
Uttarakhand,2023,,,1488.0,0.0,0.0,1488.0,Unknown
Uttarakhand,2024,,,1547.0,0.0,0.0,1547.0,Unknown
West Bengal,2018,12705.0,5711.0,,0.4495080676898859,,5711.0,High
West Bengal,2019,12658.0,5500.0,,0.4345078211407805,,5500.0,High
West Bengal,2020,10863.0,4927.0,,0.4535579490011967,,4927.0,High
West Bengal,2021,11937.0,5800.0,10454.0,0.4858842255172991,0.8757644299237665,16254.0,High
West Bengal,2022,13686.0,,12843.0,,0.9384042086804032,12843.0,High
West Bengal,2023,,,12615.0,0.0,0.0,12615.0,Unknown
West Bengal,2024,,,12518.0,0.0,0.0,12518.0,Unknown
