State,Year,Accidents,Deaths,Injuries,Fatality_Rate,Injury_Rate
Andaman and Nicobar Islands,2018,254.0,19.0,,7.480314960629922,
Andaman and Nicobar Islands,2019,230.0,20.0,,8.695652173913043,
Andaman and Nicobar Islands,2020,141.0,14.0,,9.929078014184398,
Andaman and Nicobar Islands,2021,115.0,20.0,97.0,17.391304347826086,84.34782608695653
Andaman and Nicobar Islands,2022,141.0,,136.0,,96.45390070921984
Andaman and Nicobar Islands,2023,,,154.0,,
Andaman and Nicobar Islands,2024,,,139.0,,
Andhra Pradesh,2018,24475.0,7556.0,,30.87231869254341,
Andhra Pradesh,2019,21992.0,7984.0,,36.30411058566752,
Andhra Pradesh,2020,19509.0,7039.0,,36.08078322825363,
Andhra Pradesh,2021,21556.0,8186.0,21040.0,37.975505659677125,97.60623492299128
Andhra Pradesh,2022,21249.0,,21340.0,,100.42825544731517
Andhra Pradesh,2023,,,20409.0,,
Andhra Pradesh,2024,,,19894.0,,
Arunachal Pradesh,2018,277.0,175.0,,63.1768953068592,
Arunachal Pradesh,2019,237.0,127.0,,53.58649789029536,
Arunachal Pradesh,2020,134.0,73.0,,54.47761194029851,
Arunachal Pradesh,2021,283.0,157.0,347.0,55.47703180212014,122.6148409893993
Arunachal Pradesh,2022,227.0,,186.0,,81.93832599118943
Arunachal Pradesh,2023,,,257.0,,
Arunachal Pradesh,2024,,,204.0,,
Assam,2018,8248.0,2966.0,,35.960232783705145,
Assam,2019,8350.0,3208.0,,38.41916167664671,
Assam,2020,6595.0,2629.0,,39.86353297952995,
Assam,2021,7411.0,3036.0,5763.0,40.966131426258265,77.76278504925112
Assam,2022,7023.0,,5637.0,,80.26484408372491
Assam,2023,,,5917.0,,
Assam,2024,,,7129.0,,
Bihar,2018,9600.0,6729.0,,70.09375,
Bihar,2019,10007.0,7205.0,,71.99960027980413,
Bihar,2020,8639.0,6699.0,,77.54369718717444,
Bihar,2021,9553.0,7660.0,7946.0,80.18423531874804,83.17805924840364
Bihar,2022,10801.0,,7068.0,,65.43838533469123
Bihar,2023,,,6539.0,,
Bihar,2024,,,7090.0,,
Chandigarh,2018,316.0,98.0,,31.0126582278481,
Chandigarh,2019,305.0,104.0,,34.0983606557377,
Chandigarh,2020,159.0,53.0,,33.33333333333333,
Chandigarh,2021,208.0,96.0,172.0,46.15384615384615,82.6923076923077
Chandigarh,2022,237.0,,203.0,,85.65400843881856
Chandigarh,2023,,,171.0,,
Chandigarh,2024,,,133.0,,
Chhattisgarh,2018,13864.0,4592.0,,33.121754183496826,
Chhattisgarh,2019,13899.0,5003.0,,35.995395352183614,
Chhattisgarh,2020,11656.0,4606.0,,39.516129032258064,
Chhattisgarh,2021,12375.0,5371.0,10683.0,43.4020202020202,86.32727272727273
Chhattisgarh,2022,13279.0,,11695.0,,88.07139091799081
Chhattisgarh,2023,,,11723.0,,
Chhattisgarh,2024,,,12484.0,,
Dadra and Nagar Haveli,2018,80.0,54.0,,67.5,
Dadra and Nagar Haveli,2019,68.0,49.0,,72.05882352941177,
Dadra and Nagar Haveli,2020,100.0,64.0,,64.0,
Dadra and Nagar Haveli,2021,140.0,76.0,,54.285714285714285,
Dadra and Nagar Haveli,2022,196.0,,,,
Dadra and Nagar Haveli and Daman and Diu,2021,,,171.0,,
Dadra and Nagar Haveli and Daman and Diu,2022,,,273.0,,
Dadra and Nagar Haveli and Daman and Diu,2023,,,233.0,,
Dadra and Nagar Haveli and Daman and Diu,2024,,,136.0,,
Daman and Diu,2018,76.0,35.0,,46.05263157894737,
Daman and Diu,2019,69.0,28.0,,40.57971014492754,
Daman and Diu,2020,5031.5,2629.0,,52.25081983503925,
Daman and Diu,2021,5452.0,2137.5,,39.205796038151135,
Daman and Diu,2022,6092.0,,,,
Delhi,2018,6515.0,1690.0,,25.940138142747504,
Delhi,2019,5610.0,1463.0,,26.078431372549023,
Delhi,2020,4178.0,1196.0,,28.6261369076113,
Delhi,2021,4720.0,1239.0,4273.0,26.25,90.52966101694916
Delhi,2022,5652.0,,5201.0,,92.0205237084218
Delhi,2023,,,5470.0,,
Delhi,2024,,,5224.0,,
Goa,2018,3709.0,262.0,,7.063898624966298,
Goa,2019,3440.0,297.0,,8.633720930232558,
Goa,2020,2375.0,223.0,,9.389473684210529,
Goa,2021,2849.0,226.0,843.0,7.932607932607932,29.589329589329587
Goa,2022,3011.0,,1091.0,,36.23380936565925
Goa,2023,,,1178.0,,
Goa,2024,,,1041.0,,
Gujarat,2018,18769.0,7996.0,,42.6021631413501,
Gujarat,2019,17046.0,7390.0,,43.35327936172709,
Gujarat,2020,13398.0,6170.0,,46.05164949992536,
Gujarat,2021,15186.0,7452.0,13690.0,49.071513235875145,90.14882128276044
Gujarat,2022,15751.0,,15089.0,,95.79709224811124
Gujarat,2023,,,15383.0,,
Gujarat,2024,,,14940.0,,
Haryana,2018,11238.0,5118.0,,45.54191137213027,
Haryana,2019,10944.0,5057.0,,46.20796783625731,
Haryana,2020,9431.0,4507.0,,47.78920581062454,
Haryana,2021,9933.0,4706.0,8121.0,47.377428772777606,81.75777710661431
Haryana,2022,10429.0,,8519.0,,81.68568414996645
Haryana,2023,,,8346.0,,
Haryana,2024,,,7914.0,,
Himachal Pradesh,2018,3110.0,1208.0,,38.842443729903536,
Himachal Pradesh,2019,2873.0,1146.0,,39.88861816916116,
Himachal Pradesh,2020,2239.0,893.0,,39.88387673068334,
Himachal Pradesh,2021,2404.0,1052.0,3454.0,43.7603993344426,143.67720465890184
Himachal Pradesh,2022,2597.0,,4063.0,,156.44974971120524
Himachal Pradesh,2023,,,3304.0,,
Himachal Pradesh,2024,,,3226.0,,
Jammu and Kashmir,2018,5978.0,984.0,,16.460354633656742,
Jammu and Kashmir,2019,5796.0,996.0,,17.184265010351968,
Jammu and Kashmir,2020,4860.0,728.0,,14.979423868312756,
Jammu and Kashmir,2021,5452.0,774.0,6972.0,14.196625091709464,127.87967718268524
Jammu and Kashmir,2022,6092.0,,8372.0,,137.42613263296127
Jammu and Kashmir,2023,,,8469.0,,
Jammu and Kashmir,2024,,,7820.0,,
Jharkhand,2018,5394.0,3542.0,,65.66555431961439,
Jharkhand,2019,5217.0,3801.0,,72.85796434732606,
Jharkhand,2020,4405.0,3044.0,,69.10329171396141,
Jharkhand,2021,4728.0,3513.0,3227.0,74.30203045685279,68.25296108291032
Jharkhand,2022,5175.0,,3747.0,,72.40579710144928
Jharkhand,2023,,,3585.0,,
Jharkhand,2024,,,3266.0,,
Karnataka,2018,41707.0,10990.0,,26.35049272304409,
Karnataka,2019,40658.0,10958.0,,26.951645432633185,
Karnataka,2020,34178.0,9760.0,,28.55638129791094,
Karnataka,2021,34647.0,10038.0,40754.0,28.972205385747685,117.62634571535774
Karnataka,2022,39762.0,,48154.0,,121.10557819023188
Karnataka,2023,,,52547.0,,
Karnataka,2024,,,52591.0,,
Kerala,2018,40181.0,4303.0,,10.70904158681964,
Kerala,2019,41111.0,4440.0,,10.80002918926808,
Kerala,2020,27877.0,2979.0,,10.686228790759406,
Kerala,2021,33296.0,3429.0,36775.0,10.2985343584815,110.44870254685247
Kerala,2022,43910.0,,49307.0,,112.2910498747438
Kerala,2023,,,54320.0,,
Kerala,2024,,,54796.0,,
Ladakh,2018,6428.0,2328.0,,36.21655258245177,
Ladakh,2019,5796.0,2335.5,,40.29503105590062,
Ladakh,2020,5031.5,2629.0,,52.25081983503925,
Ladakh,2021,236.0,56.0,242.0,23.728813559322035,102.54237288135592
Ladakh,2022,374.0,,346.0,,92.51336898395722
Ladakh,2023,,,340.0,,
Ladakh,2024,,,323.0,,
Lakshadweep,2018,3.0,1.0,,33.33333333333333,
Lakshadweep,2019,1.0,0.0,,0.0,
Lakshadweep,2020,1.0,0.0,,0.0,
Lakshadweep,2021,4.0,1.0,6.0,25.0,150.0
Lakshadweep,2022,3.0,,2.0,,66.66666666666666
Lakshadweep,2023,,,1.0,,
Lakshadweep,2024,,,0.0,,
Madhya Pradesh,2018,51397.0,10706.0,,20.830009533630367,
Madhya Pradesh,2019,50669.0,11249.0,,22.20095127198089,
Madhya Pradesh,2020,45266.0,11141.0,,24.61229178632969,
Madhya Pradesh,2021,48877.0,12057.0,48956.0,24.66804427440309,100.16163021462036
Madhya Pradesh,2022,54432.0,,55168.0,,101.35214579659024
Madhya Pradesh,2023,,,55769.0,,
Madhya Pradesh,2024,,,58202.0,,
Maharashtra,2018,35717.0,13261.0,,37.1279782736512,
Maharashtra,2019,32925.0,12788.0,,38.839787395596055,
Maharashtra,2020,24971.0,11569.0,,46.32974250130151,
Maharashtra,2021,29477.0,13528.0,23071.0,45.89340842012417,78.26780201513044
Maharashtra,2022,33383.0,,27239.0,,81.59542281999819
Maharashtra,2023,,,29764.0,,
Maharashtra,2024,,,30535.0,,
Manipur,2018,601.0,134.0,,22.296173044925123,
Manipur,2019,672.0,156.0,,23.214285714285715,
Manipur,2020,432.0,127.0,,29.398148148148145,
Manipur,2021,366.0,110.0,504.0,30.05464480874317,137.70491803278688
Manipur,2022,508.0,,817.0,,160.82677165354332
Manipur,2023,,,634.0,,
Manipur,2024,,,462.0,,
Meghalaya,2018,399.0,182.0,,45.614035087719294,
Meghalaya,2019,482.0,179.0,,37.13692946058092,
Meghalaya,2020,214.0,144.0,,67.28971962616822,
Meghalaya,2021,245.0,187.0,263.0,76.32653061224491,107.3469387755102
Meghalaya,2022,246.0,,310.0,,126.01626016260164
Meghalaya,2023,,,259.0,,
Meghalaya,2024,,,228.0,,
Mizoram,2018,53.0,45.0,,84.90566037735849,
Mizoram,2019,62.0,48.0,,77.41935483870968,
Mizoram,2020,53.0,42.0,,79.24528301886792,
Mizoram,2021,69.0,56.0,65.0,81.15942028985508,94.20289855072464
Mizoram,2022,133.0,,107.0,,80.45112781954887
Mizoram,2023,,,116.0,,
Mizoram,2024,,,129.0,,
Nagaland,2018,430.0,39.0,,9.069767441860463,
Nagaland,2019,358.0,26.0,,7.262569832402235,
Nagaland,2020,500.0,53.0,,10.6,
Nagaland,2021,746.0,55.0,380.0,7.372654155495978,50.93833780160858
Nagaland,2022,489.0,,291.0,,59.50920245398773
Nagaland,2023,,,257.0,,
Nagaland,2024,,,178.0,,
Odisha,2018,11262.0,5315.0,,47.19410406677322,
Odisha,2019,11064.0,5333.0,,48.20137382501808,
Odisha,2020,9817.0,4738.0,,48.26321686869716,
Odisha,2021,10983.0,5081.0,9782.0,46.2624055358281,89.0649185104252
Odisha,2022,11663.0,,10302.0,,88.33061819428963
Odisha,2023,,,10369.0,,
Odisha,2024,,,10770.0,,
Puducherry,2018,1597.0,226.0,,14.151534126487164,
Puducherry,2019,1392.0,147.0,,10.560344827586206,
Puducherry,2020,969.0,145.0,,14.963880288957688,
Puducherry,2021,1049.0,140.0,1099.0,13.34604385128694,104.76644423260248
Puducherry,2022,1181.0,,1282.0,,108.55207451312448
Puducherry,2023,,,1578.0,,
Puducherry,2024,,,1560.0,,
Punjab,2018,6428.0,4740.0,,73.73988799004356,
Punjab,2019,6348.0,4525.0,,71.28229363579081,
Punjab,2020,5203.0,3898.0,,74.91831635594849,
Punjab,2021,5871.0,4589.0,3072.0,78.1638562425481,52.32498722534492
Punjab,2022,6138.0,,3324.0,,54.1544477028348
Punjab,2023,,,3206.0,,
Punjab,2024,,,3333.0,,
Rajasthan,2018,21743.0,10320.0,,47.46355148783516,
Rajasthan,2019,23480.0,10563.0,,44.987223168654175,
Rajasthan,2020,19114.0,9250.0,,48.39384744166579,
Rajasthan,2021,20951.0,10043.0,19344.0,47.9356593957329,92.3297217316596
Rajasthan,2022,23614.0,,22293.0,,94.4058609299568
Rajasthan,2023,,,23041.0,,
Rajasthan,2024,,,22927.0,,
Sikkim,2018,180.0,85.0,,47.22222222222222,
Sikkim,2019,162.0,73.0,,45.06172839506173,
Sikkim,2020,138.0,47.0,,34.05797101449276,
Sikkim,2021,155.0,56.0,244.0,36.12903225806451,157.4193548387097
Sikkim,2022,211.0,,354.0,,167.77251184834122
Sikkim,2023,,,362.0,,
Sikkim,2024,,,264.0,,
Tamil Nadu,2018,67279.0,12216.0,,18.15722588028954,
Tamil Nadu,2019,62685.0,10525.0,,16.790300709898702,
Tamil Nadu,2020,49844.0,8059.0,,16.168445550116363,
Tamil Nadu,2021,55682.0,15384.0,55996.0,27.62831794834956,100.56391652598688
Tamil Nadu,2022,64105.0,,67703.0,,105.6126667186647
Tamil Nadu,2023,,,72292.0,,
Tamil Nadu,2024,,,71493.0,,
Telangana,2018,22230.0,6603.0,,29.70310391363023,
Telangana,2019,21570.0,6964.0,,32.28558182661103,
Telangana,2020,19172.0,6882.0,,35.89609847694555,
Telangana,2021,21315.0,7557.0,20107.0,35.45390570021112,94.33262960356556
Telangana,2022,21619.0,,20209.0,,93.47795920255332
Telangana,2023,,,21022.0,,
Telangana,2024,,,23658.0,,
Total (All India),2018,470403.0,,,,
Total (All India),2019,456959.0,,,,
Total (All India),2020,372181.0,,,,
Total (All India),2021,412432.0,,,,
Total (All India),2022,461312.0,,,,
Tripura,2018,552.0,213.0,,38.58695652173913,
Tripura,2019,655.0,239.0,,36.48854961832061,
Tripura,2020,466.0,192.0,,41.20171673819743,
Tripura,2021,479.0,194.0,547.0,40.50104384133611,114.19624217118998
Tripura,2022,575.0,,541.0,,94.08695652173913
Tripura,2023,,,609.0,,
Tripura,2024,,,622.0,,
Uttar Pradesh,2018,42568.0,22256.0,,52.28340537492953,
Uttar Pradesh,2019,42572.0,22655.0,,53.21572864793761,
Uttar Pradesh,2020,34243.0,19149.0,,55.920918143854216,
Uttar Pradesh,2021,37729.0,21227.0,24897.0,56.26176150971401,65.98902700840202
Uttar Pradesh,2022,41746.0,,28541.0,,68.36822689599003
Uttar Pradesh,2023,,,31098.0,,
Uttar Pradesh,2024,,,34665.0,,
Uttarakhand,2018,1468.0,1047.0,,71.32152588555857,
Uttarakhand,2019,1352.0,867.0,,64.12721893491124,
Uttarakhand,2020,1041.0,674.0,,64.74543707973103,
Uttarakhand,2021,1405.0,820.0,1091.0,58.362989323843415,77.65124555160142
Uttarakhand,2022,1674.0,,1613.0,,96.35603345280764
Uttarakhand,2023,,,1488.0,,
Uttarakhand,2024,,,1547.0,,
West Bengal,2018,12705.0,5711.0,,44.950806768988585,
West Bengal,2019,12658.0,5500.0,,43.45078211407805,
West Bengal,2020,10863.0,4927.0,,45.35579490011968,
West Bengal,2021,11937.0,5800.0,10454.0,48.58842255172991,87.57644299237664
West Bengal,2022,13686.0,,12843.0,,93.84042086804033
West Bengal,2023,,,12615.0,,
West Bengal,2024,,,12518.0,,
